filename,width,height,class,xmin,ymin,xmax,ymax
1528664299.56_pic00191.jpg,800,600,4-hand,127,118,296,455
2_pic00038.jpg,800,600,5-hand,413,97,642,470
2_pic00154.jpg,800,600,5-hand,319,91,489,302
2_pic00175.jpg,800,600,5-hand,454,77,626,356
35_pic00004.jpg,800,600,5-hand,65,179,278,521
pic00054.jpg,800,600,5-hand,284,90,492,362
46_pic00003.jpg,800,600,5-hand,137,93,337,450
2_pic00017.jpg,800,600,5-hand,236,130,463,477
55_pic00016.jpg,800,600,0-hand,415,222,548,385
35_pic00030.jpg,800,600,5-hand,383,159,572,462
96_pic00002.jpg,800,600,5-hand,191,334,378,600
96_pic00002.jpg,800,600,5-hand,463,321,656,600
3_1528499009.07_pic00000.jpg,800,600,4-hand,165,171,320,547
2_pic00510.jpg,800,600,1-hand,285,137,410,412
3_1528505750.77_pic00048.jpg,800,600,2-hand,477,68,618,449
26_pic00049.jpg,800,600,0-hand,47,84,194,287
26_pic00049.jpg,800,600,0-hand,547,206,712,432
3_1528505750.77_pic00073.jpg,800,600,1-hand,435,214,547,497
2_pic00429.jpg,800,600,1-hand,376,155,501,465
pic00032.jpg,800,600,5-hand,316,153,530,470
3_1528505750.77_pic00034.jpg,800,600,3-hand,369,180,498,432
996_pic00136.jpg,800,600,1-hand,585,208,702,538
2_pic00105.jpg,800,600,5-hand,384,56,696,471
pic00087.jpg,800,600,5-hand,282,74,549,470
3_1528499009.07_pic00013.jpg,800,600,2-hand,319,163,400,374
15_pic00000.jpg,800,600,5-hand,119,210,344,584
Hand_0000889.jpg,1600,1200,5-hand,2,75,1206,1158
3_pic00020.jpg,800,600,4-hand,190,30,453,549
2_pic00006.jpg,800,600,5-hand,133,103,457,516
5_pic00004.jpg,800,600,5-hand,18,80,292,529
3_1528505750.77_pic00061.jpg,800,600,1-hand,245,258,366,571
2_pic00414.jpg,800,600,1-hand,326,175,485,396
2_pic00489.jpg,800,600,0-hand,332,86,504,338
2_pic00610.jpg,800,600,1-hand,371,129,514,480
996_pic00097.jpg,800,600,0-hand,498,292,619,482
46_pic00020.jpg,800,600,0-hand,168,279,272,439
46_pic00020.jpg,800,600,0-hand,533,308,632,468
996_pic00083.jpg,800,600,1-hand,53,253,185,600
3_1528499009.07_pic00038.jpg,800,600,3-hand,235,261,430,600
3_1528505750.77_pic00062.jpg,800,600,1-hand,171,246,313,567
26_pic00038.jpg,800,600,0-hand,514,303,676,527
26_pic00038.jpg,800,600,5-hand,60,103,323,488
5_pic00115.jpg,800,600,4-hand,256,93,435,469
3_1528499009.07_pic00046.jpg,800,600,2-hand,461,90,602,492
26_pic00032.jpg,800,600,3-hand,142,159,323,526
26_pic00032.jpg,800,600,3-hand,496,175,663,557
996_pic00043.jpg,800,600,4-hand,136,90,283,435
996_pic00043.jpg,800,600,4-hand,560,145,710,523
16_pic00021.jpg,800,600,0-hand,137,263,279,455
16_pic00021.jpg,800,600,0-hand,530,234,691,418
2_pic00454.jpg,800,600,0-hand,616,86,721,259
1528664299.56_pic00132.jpg,800,600,2-hand,90,177,261,540
2_pic00554.jpg,800,600,3-hand,391,50,556,367
2_pic00225.jpg,800,600,3-hand,260,171,456,455
pic00001.jpg,800,600,5-hand,198,100,403,410
16_pic00035.jpg,800,600,5-hand,33,41,257,380
16_pic00035.jpg,800,600,0-hand,608,302,751,502
2_pic00477.jpg,800,600,0-hand,353,35,468,203
1528664299.56_pic00150.jpg,800,600,3-hand,269,144,467,528
26_pic00010.jpg,800,600,0-hand,119,144,254,315
26_pic00010.jpg,800,600,0-hand,520,247,671,424
1528664299.56_pic00116.jpg,800,600,0-hand,160,275,315,533
2_pic00270.jpg,800,600,3-hand,231,165,433,452
55_pic00004.jpg,800,600,0-hand,144,152,261,330
2_pic00235.jpg,800,600,3-hand,390,73,597,371
2_pic00391.jpg,800,600,1-hand,169,180,338,415
46_pic00015.jpg,800,600,1-hand,194,212,286,479
2_pic00317.jpg,800,600,2-hand,467,173,579,459
2_pic00453.jpg,800,600,0-hand,604,85,714,263
2_pic00015.jpg,800,600,5-hand,131,76,442,464
2_pic00166.jpg,800,600,5-hand,521,3,730,314
2_pic00339.jpg,800,600,2-hand,461,243,582,510
3_1528505750.77_pic00076.jpg,800,600,1-hand,88,64,227,376
1528664299.56_pic00049.jpg,800,600,3-hand,476,67,700,491
46_pic00034.jpg,800,600,0-hand,189,287,292,440
46_pic00034.jpg,800,600,0-hand,559,237,661,374
26_pic00016.jpg,800,600,0-hand,541,74,732,304
26_pic00016.jpg,800,600,0-hand,65,218,243,469
2_pic00436.jpg,800,600,1-hand,294,145,480,556
25_pic00018.jpg,800,600,0-hand,571,300,710,488
2_pic00217.jpg,800,600,4-hand,330,140,489,421
1528664299.56_pic00204.jpg,800,600,2-hand,186,215,313,567
996_pic00071.jpg,800,600,2-hand,55,204,191,588
3_pic00013.jpg,800,600,3-hand,309,197,485,553
3_pic00044.jpg,800,600,1-hand,572,167,701,458
pic00056.jpg,800,600,5-hand,206,51,453,339
5_pic00099.jpg,800,600,4-hand,47,33,253,374
35_pic00033.jpg,800,600,1-hand,410,174,533,481
3_pic00015.jpg,800,600,4-hand,271,51,431,392
2_pic00296.jpg,800,600,2-hand,365,11,535,343
5_pic00019.jpg,800,600,3-hand,471,62,797,437
2_pic00012.jpg,800,600,5-hand,229,109,518,480
996_pic00105.jpg,800,600,4-hand,641,100,772,384
996_pic00115.jpg,800,600,3-hand,536,143,649,458
3_1528499009.07_pic00042.jpg,800,600,3-hand,325,146,485,522
2_pic00299.jpg,800,600,2-hand,318,15,596,304
2_pic00378.jpg,800,600,1-hand,544,106,691,449
2_pic00142.jpg,800,600,5-hand,188,46,386,367
3_1528499009.07_pic00026.jpg,800,600,1-hand,248,255,385,600
5_pic00090.jpg,800,600,3-hand,76,290,268,600
2_pic00603.jpg,800,600,1-hand,390,171,533,567
2_pic00440.jpg,800,600,0-hand,331,130,457,344
2_pic00576.jpg,800,600,4-hand,113,87,298,430
16_pic00003.jpg,800,600,0-hand,565,357,720,568
16_pic00003.jpg,800,600,0-hand,138,328,278,520
2_pic00096.jpg,800,600,5-hand,398,51,723,494
pic00091.jpg,800,600,5-hand,218,47,557,588
46_pic00027.jpg,800,600,0-hand,130,198,236,358
46_pic00027.jpg,800,600,0-hand,586,322,689,481
996_pic00069.jpg,800,600,2-hand,71,109,201,475
996_pic00057.jpg,800,600,3-hand,127,162,269,516
2_pic00229.jpg,800,600,3-hand,396,115,553,398
35_pic00025.jpg,800,600,2-hand,514,255,600,484
2_pic00150.jpg,800,600,5-hand,457,182,684,474
3_1528505750.77_pic00006.jpg,800,600,4-hand,349,58,498,427
35_pic00036.jpg,800,600,0-hand,319,190,461,415
996_pic00027.jpg,800,600,0-hand,123,217,259,421
996_pic00027.jpg,800,600,5-hand,468,210,712,586
5_pic00098.jpg,800,600,4-hand,145,20,300,367
2_pic00382.jpg,800,600,1-hand,383,68,527,449
1528664299.56_pic00108.jpg,800,600,0-hand,223,293,369,529
26_pic00018.jpg,800,600,0-hand,556,139,795,421
26_pic00018.jpg,800,600,0-hand,13,293,235,600
35_pic00009.jpg,800,600,0-hand,79,314,214,496
2_pic00560.jpg,800,600,3-hand,84,200,269,474
996_pic00088.jpg,800,600,0-hand,33,273,188,509
1528664299.56_pic00163.jpg,800,600,2-hand,103,221,295,592
1528664299.56_pic00020.jpg,800,600,4-hand,91,100,425,556
2_pic00000.jpg,800,600,5-hand,241,274,484,600
3_pic00028.jpg,800,600,3-hand,535,168,690,412
1528664299.56_pic00022.jpg,800,600,4-hand,251,37,496,565
2_pic00384.jpg,800,600,1-hand,157,79,309,479
2_pic00121.jpg,800,600,5-hand,314,64,618,482
2_pic00504.jpg,800,600,0-hand,225,112,353,303
3_pic00009.jpg,800,600,2-hand,176,287,299,600
15_pic00012.jpg,800,600,4-hand,190,174,333,521
1528664299.56_pic00207.jpg,800,600,1-hand,284,146,444,597
2_pic00071.jpg,800,600,5-hand,88,294,320,590
996_pic00009.jpg,800,600,0-hand,189,145,314,323
996_pic00009.jpg,800,600,0-hand,537,326,674,524
2_pic00386.jpg,800,600,1-hand,172,108,302,452
2_pic00476.jpg,800,600,0-hand,337,29,450,204
3_pic00001.jpg,800,600,4-hand,304,191,427,503
2_pic00031.jpg,800,600,5-hand,44,152,273,449
26_pic00040.jpg,800,600,0-hand,106,253,256,475
26_pic00040.jpg,800,600,0-hand,526,251,697,480
3_1528499009.07_pic00006.jpg,800,600,3-hand,289,55,424,349
55_pic00011.jpg,800,600,0-hand,412,32,533,222
16_pic00036.jpg,800,600,5-hand,42,22,263,357
16_pic00036.jpg,800,600,0-hand,606,302,751,496
46_pic00006.jpg,800,600,0-hand,125,222,261,408
3_pic00023.jpg,800,600,4-hand,509,46,657,373
46_pic00024.jpg,800,600,0-hand,132,192,235,351
46_pic00024.jpg,800,600,0-hand,621,240,723,388
2_pic00043.jpg,800,600,5-hand,156,263,415,564
2_pic00114.jpg,800,600,5-hand,296,226,574,582
26_pic00023.jpg,800,600,0-hand,4,49,165,284
26_pic00023.jpg,800,600,0-hand,504,215,676,418
2_pic00116.jpg,800,600,5-hand,390,151,633,550
2_pic00401.jpg,800,600,1-hand,30,157,233,457
1528664299.56_pic00113.jpg,800,600,0-hand,131,103,273,300
2_pic00482.jpg,800,600,0-hand,466,49,589,203
pic00096.jpg,800,600,5-hand,325,253,460,445
3_1528499009.07_pic00056.jpg,800,600,1-hand,229,208,388,582
55_pic00039.jpg,800,600,2-hand,106,216,235,540
55_pic00059.jpg,800,600,3-hand,490,192,618,538
2_pic00137.jpg,800,600,5-hand,395,64,573,290
3_1528499009.07_pic00058.jpg,800,600,1-hand,468,145,579,458
2_pic00180.jpg,800,600,5-hand,354,84,568,341
15_pic00008.jpg,800,600,4-hand,154,21,341,463
3_1528505750.77_pic00078.jpg,800,600,0-hand,206,312,344,491
3_pic00027.jpg,800,600,3-hand,454,144,590,422
pic00022.jpg,800,600,5-hand,309,182,529,545
2_pic00441.jpg,800,600,0-hand,326,128,456,352
2_pic00355.jpg,800,600,2-hand,362,159,491,473
996_pic00124.jpg,800,600,2-hand,545,194,678,539
2_pic00358.jpg,800,600,2-hand,288,174,515,477
2_pic00582.jpg,800,600,4-hand,389,209,595,539
996_pic00109.jpg,800,600,4-hand,527,115,662,458
2_pic00059.jpg,800,600,5-hand,197,134,350,450
1528664299.56_pic00193.jpg,800,600,4-hand,202,68,342,377
2_pic00021.jpg,800,600,5-hand,219,92,454,434
5_pic00111.jpg,800,600,0-hand,457,321,597,510
2_pic00406.jpg,800,600,1-hand,286,179,398,491
2_pic00179.jpg,800,600,5-hand,361,77,588,346
2_pic00095.jpg,800,600,5-hand,407,56,741,497
5_pic00101.jpg,800,600,4-hand,37,243,261,593
2_pic00448.jpg,800,600,0-hand,431,122,548,318
5_pic00103.jpg,800,600,4-hand,259,158,436,498
2_pic00297.jpg,800,600,2-hand,333,4,551,320
2_pic00136.jpg,800,600,5-hand,392,58,577,293
2_pic00051.jpg,800,600,5-hand,241,40,479,379
2_pic00543.jpg,800,600,2-hand,131,126,278,438
1528664299.56_pic00189.jpg,800,600,4-hand,300,203,445,533
2_pic00342.jpg,800,600,2-hand,402,168,519,481
996_pic00022.jpg,800,600,0-hand,151,241,282,441
996_pic00022.jpg,800,600,5-hand,491,117,712,450
1528664299.56_pic00208.jpg,800,600,0-hand,377,241,503,429
3_1528505750.77_pic00095.jpg,800,600,0-hand,339,151,518,387
1528664299.56_pic00114.jpg,800,600,0-hand,121,180,261,406
1528664299.56_pic00063.jpg,800,600,3-hand,324,91,463,430
16_pic00014.jpg,800,600,0-hand,167,358,312,547
16_pic00014.jpg,800,600,0-hand,527,202,683,391
5_pic00024.jpg,800,600,2-hand,549,67,743,518
2_pic00356.jpg,800,600,2-hand,355,159,483,473
3_1528505750.77_pic00096.jpg,800,600,0-hand,278,164,466,411
35_pic00013.jpg,800,600,0-hand,50,175,186,387
2_pic00491.jpg,800,600,0-hand,348,15,557,343
2_pic00241.jpg,800,600,3-hand,455,304,685,526
26_pic00034.jpg,800,600,2-hand,94,146,231,559
26_pic00034.jpg,800,600,2-hand,553,153,689,561
2_pic00302.jpg,800,600,2-hand,288,74,409,417
1528664299.56_pic00110.jpg,800,600,0-hand,106,333,256,584
2_pic00039.jpg,800,600,5-hand,365,5,562,357
55_pic00055.jpg,800,600,4-hand,454,84,591,427
55_pic00028.jpg,800,600,3-hand,391,155,574,520
3_pic00004.jpg,800,600,0-hand,221,235,348,421
2_pic00363.jpg,800,600,2-hand,76,70,235,467
2_pic00182.jpg,800,600,4-hand,249,111,351,334
2_pic00173.jpg,800,600,5-hand,400,44,584,293
pic00031.jpg,800,600,5-hand,335,150,539,475
26_pic00007.jpg,800,600,0-hand,51,216,209,447
26_pic00007.jpg,800,600,0-hand,551,228,732,451
pic00065.jpg,800,600,5-hand,231,255,478,540
3_1528499009.07_pic00022.jpg,800,600,1-hand,82,118,254,543
55_pic00027.jpg,800,600,3-hand,606,108,774,500
996_pic00099.jpg,800,600,0-hand,462,305,589,481
1528664299.56_pic00147.jpg,800,600,3-hand,314,218,525,592
55_pic00022.jpg,800,600,4-hand,613,129,800,516
2_pic00559.jpg,800,600,3-hand,186,205,365,496
1528664299.56_pic00085.jpg,800,600,1-hand,521,71,643,437
1528664299.56_pic00096.jpg,800,600,0-hand,204,237,369,504
2_pic00518.jpg,800,600,1-hand,143,194,259,473
1528664299.56_pic00064.jpg,800,600,3-hand,67,206,312,584
3_1528505750.77_pic00044.jpg,800,600,2-hand,535,26,701,411
1528664299.56_pic00098.jpg,800,600,0-hand,520,345,659,588
996_pic00026.jpg,800,600,5-hand,482,171,724,547
996_pic00026.jpg,800,600,0-hand,120,209,254,408
996_pic00029.jpg,800,600,5-hand,108,96,338,443
996_pic00029.jpg,800,600,0-hand,556,334,701,544
996_pic00076.jpg,800,600,1-hand,125,192,253,551
3_1528505750.77_pic00075.jpg,800,600,1-hand,159,90,286,387
996_pic00103.jpg,800,600,0-hand,555,202,673,384
2_pic00300.jpg,800,600,2-hand,324,38,616,291
996_pic00044.jpg,800,600,4-hand,137,75,286,439
996_pic00044.jpg,800,600,4-hand,559,177,718,559
26_pic00025.jpg,800,600,4-hand,502,29,663,443
26_pic00025.jpg,800,600,4-hand,10,1,186,324
55_pic00065.jpg,800,600,1-hand,632,46,782,417
1528664299.56_pic00074.jpg,800,600,2-hand,349,241,485,600
55_pic00051.jpg,800,600,0-hand,132,141,254,315
46_pic00026.jpg,800,600,0-hand,123,212,227,365
46_pic00026.jpg,800,600,0-hand,603,268,704,410
2_pic00333.jpg,800,600,2-hand,500,193,638,481
2_pic00237.jpg,800,600,3-hand,442,65,660,385
3_1528505750.77_pic00003.jpg,800,600,5-hand,266,38,536,450
1528664299.56_pic00195.jpg,800,600,3-hand,249,153,382,441
2_pic00272.jpg,800,600,3-hand,282,212,418,492
pic00024.jpg,800,600,5-hand,279,146,471,463
5_pic00064.jpg,800,600,1-hand,171,100,327,490
2_pic00516.jpg,800,600,1-hand,147,61,269,351
996_pic00092.jpg,800,600,0-hand,78,196,220,417
2_pic00151.jpg,800,600,5-hand,467,196,695,482
2_pic00399.jpg,800,600,1-hand,76,138,243,428
2_pic00511.jpg,800,600,1-hand,274,121,389,398
2_pic00211.jpg,800,600,4-hand,169,35,513,517
3_1528505750.77_pic00000.jpg,800,600,5-hand,259,106,488,456
2_pic00184.jpg,800,600,4-hand,353,173,465,373
1528664299.56_pic00054.jpg,800,600,3-hand,13,133,239,545
2_pic00568.jpg,800,600,4-hand,198,105,389,447
26_pic00012.jpg,800,600,0-hand,89,138,251,352
26_pic00012.jpg,800,600,0-hand,551,146,731,353
16_pic00006.jpg,800,600,0-hand,127,194,271,377
16_pic00006.jpg,800,600,0-hand,557,396,714,594
5_pic00094.jpg,800,600,4-hand,85,252,265,600
2_pic00069.jpg,800,600,5-hand,142,245,373,556
2_pic00013.jpg,800,600,5-hand,177,86,477,481
2_pic00562.jpg,800,600,3-hand,214,109,389,406
1528664299.56_pic00158.jpg,800,600,3-hand,121,150,307,491
2_pic00463.jpg,800,600,0-hand,229,152,377,376
2_pic00331.jpg,800,600,2-hand,457,110,578,439
3_1528505750.77_pic00056.jpg,800,600,2-hand,468,110,653,581
2_pic00397.jpg,800,600,1-hand,113,132,248,439
2_pic00435.jpg,800,600,1-hand,309,158,489,564
2_pic00027.jpg,800,600,5-hand,294,3,523,320
26_pic00050.jpg,800,600,0-hand,47,82,195,276
26_pic00050.jpg,800,600,0-hand,545,206,710,421
1528664299.56_pic00197.jpg,800,600,3-hand,110,82,285,396
16_pic00012.jpg,800,600,0-hand,151,277,294,464
16_pic00012.jpg,800,600,0-hand,549,209,702,406
2_pic00032.jpg,800,600,5-hand,102,227,331,502
3_1528505750.77_pic00042.jpg,800,600,2-hand,474,133,662,530
996_pic00146.jpg,800,600,0-hand,598,250,736,439
996_pic00072.jpg,800,600,2-hand,72,228,203,600
15_pic00026.jpg,800,600,3-hand,121,209,308,569
2_pic00233.jpg,800,600,3-hand,307,61,494,367
1528664299.56_pic00070.jpg,800,600,2-hand,504,51,642,402
2_pic00098.jpg,800,600,5-hand,316,100,598,517
2_pic00564.jpg,800,600,4-hand,203,74,386,412
2_pic00392.jpg,800,600,1-hand,174,185,347,430
3_1528505750.77_pic00010.jpg,800,600,4-hand,192,109,351,426
15_pic00006.jpg,800,600,0-hand,123,199,289,426
1528664299.56_pic00088.jpg,800,600,0-hand,437,230,565,435
5_pic00008.jpg,800,600,5-hand,457,59,733,512
2_pic00452.jpg,800,600,0-hand,576,84,689,265
35_pic00028.jpg,800,600,0-hand,443,317,526,450
2_pic00030.jpg,800,600,5-hand,112,61,355,386
35_pic00008.jpg,800,600,1-hand,73,196,198,517
3_1528505750.77_pic00070.jpg,800,600,1-hand,301,159,407,423
2_pic00599.jpg,800,600,1-hand,385,174,553,516
2_pic00099.jpg,800,600,5-hand,304,87,567,511
5_pic00104.jpg,800,600,5-hand,209,150,441,496
5_pic00061.jpg,800,600,0-hand,162,257,336,490
2_pic00187.jpg,800,600,4-hand,120,144,284,403
3_1528505750.77_pic00079.jpg,800,600,0-hand,210,204,341,403
25_pic00012.jpg,800,600,0-hand,513,143,700,369
3_1528499009.07_pic00043.jpg,800,600,3-hand,457,218,572,556
996_pic00002.jpg,800,600,0-hand,162,291,286,479
996_pic00002.jpg,800,600,0-hand,533,318,668,488
1528664299.56_pic00081.jpg,800,600,1-hand,530,186,638,510
996_pic00006.jpg,800,600,0-hand,142,55,255,206
996_pic00006.jpg,800,600,0-hand,539,334,674,512
5_pic00096.jpg,800,600,4-hand,218,124,388,458
26_pic00004.jpg,800,600,5-hand,21,90,247,461
26_pic00004.jpg,800,600,5-hand,519,69,742,481
2_pic00222.jpg,800,600,3-hand,326,97,502,406
2_pic00330.jpg,800,600,2-hand,539,14,666,356
2_pic00008.jpg,800,600,5-hand,210,105,507,488
1528664299.56_pic00188.jpg,800,600,4-hand,171,115,396,539
1528664299.56_pic00079.jpg,800,600,1-hand,409,73,529,422
2_pic00470.jpg,800,600,0-hand,157,2,320,237
3_1528505750.77_pic00026.jpg,800,600,3-hand,310,92,460,490
55_pic00046.jpg,800,600,1-hand,125,306,227,561
3_1528505750.77_pic00069.jpg,800,600,1-hand,509,56,613,345
2_pic00462.jpg,800,600,0-hand,301,156,432,371
26_pic00046.jpg,800,600,0-hand,65,122,209,330
26_pic00046.jpg,800,600,0-hand,571,220,732,456
2_pic00034.jpg,800,600,5-hand,366,238,615,535
26_pic00045.jpg,800,600,0-hand,18,40,161,238
26_pic00045.jpg,800,600,0-hand,595,181,760,421
2_pic00311.jpg,800,600,2-hand,414,162,561,540
35_pic00000.jpg,800,600,5-hand,524,140,757,538
55_pic00074.jpg,800,600,0-hand,429,237,579,415
2_pic00213.jpg,800,600,4-hand,285,23,601,514
996_pic00112.jpg,800,600,4-hand,638,258,786,600
3_pic00041.jpg,800,600,0-hand,468,84,579,264
2_pic00082.jpg,800,600,5-hand,141,151,414,474
2_pic00100.jpg,800,600,5-hand,273,74,542,486
3_1528505750.77_pic00029.jpg,800,600,3-hand,479,175,619,559
25_pic00004.jpg,800,600,3-hand,430,92,615,450
5_pic00080.jpg,800,600,2-hand,91,302,252,600
35_pic00029.jpg,800,600,0-hand,472,211,561,344
2_pic00089.jpg,800,600,5-hand,209,112,486,474
3_1528499009.07_pic00044.jpg,800,600,3-hand,419,85,535,412
46_pic00038.jpg,800,600,0-hand,208,294,310,444
46_pic00038.jpg,800,600,0-hand,556,243,657,377
2_pic00585.jpg,800,600,1-hand,345,258,448,504
1528664299.56_pic00082.jpg,800,600,1-hand,218,155,378,562
pic00068.jpg,800,600,5-hand,71,317,303,585
1528664299.56_pic00161.jpg,800,600,3-hand,414,243,561,593
pic00092.jpg,800,600,5-hand,238,79,544,544
3_1528505750.77_pic00013.jpg,800,600,4-hand,327,41,476,418
5_pic00054.jpg,800,600,0-hand,150,157,323,380
2_pic00538.jpg,800,600,2-hand,290,171,482,456
996_pic00101.jpg,800,600,0-hand,447,253,568,421
35_pic00024.jpg,800,600,3-hand,503,257,589,487
2_pic00070.jpg,800,600,5-hand,96,286,292,584
16_pic00024.jpg,800,600,0-hand,149,259,283,452
16_pic00024.jpg,800,600,0-hand,526,261,665,456
2_pic00226.jpg,800,600,3-hand,256,193,457,438
15_pic00024.jpg,800,600,3-hand,39,79,195,418
3_pic00052.jpg,800,600,1-hand,354,198,465,537
46_pic00025.jpg,800,600,0-hand,133,199,232,352
46_pic00025.jpg,800,600,0-hand,616,246,715,398
2_pic00329.jpg,800,600,2-hand,173,211,279,396
5_pic00005.jpg,800,600,5-hand,95,81,362,486
996_pic00068.jpg,800,600,2-hand,112,105,231,479
2_pic00534.jpg,800,600,2-hand,284,141,413,452
26_pic00017.jpg,800,600,0-hand,543,122,763,380
26_pic00017.jpg,800,600,0-hand,44,277,248,563
35_pic00031.jpg,800,600,4-hand,409,186,557,496
3_1528505750.77_pic00041.jpg,800,600,2-hand,456,118,621,556
1528664299.56_pic00046.jpg,800,600,3-hand,401,120,566,461
2_pic00174.jpg,800,600,5-hand,357,70,548,311
3_1528499009.07_pic00010.jpg,800,600,2-hand,302,174,426,505
3_pic00037.jpg,800,600,0-hand,469,226,584,393
1528664299.56_pic00176.jpg,800,600,4-hand,129,103,295,416
1528664299.56_pic00209.jpg,800,600,0-hand,378,56,509,239
2_pic00181.jpg,800,600,4-hand,359,118,518,403
2_pic00291.jpg,800,600,2-hand,257,82,491,346
2_pic00091.jpg,800,600,5-hand,276,133,527,494
2_pic00565.jpg,800,600,4-hand,185,77,373,428
3_1528499009.07_pic00012.jpg,800,600,2-hand,484,53,635,381
55_pic00007.jpg,800,600,0-hand,154,157,268,327
pic00060.jpg,800,600,5-hand,254,102,443,375
15_pic00019.jpg,800,600,1-hand,179,167,324,510
26_pic00028.jpg,800,600,4-hand,2,32,178,455
26_pic00028.jpg,800,600,4-hand,456,64,631,480
2_pic00067.jpg,800,600,5-hand,200,180,432,500
1528664299.56_pic00001.jpg,800,600,4-hand,312,162,449,510
1528664299.56_pic00093.jpg,800,600,0-hand,248,51,394,270
2_pic00088.jpg,800,600,5-hand,188,108,465,467
16_pic00031.jpg,800,600,5-hand,103,144,326,484
16_pic00031.jpg,800,600,0-hand,620,292,765,492
2_pic00336.jpg,800,600,2-hand,495,294,619,543
3_1528499009.07_pic00028.jpg,800,600,0-hand,430,224,577,435
2_pic00290.jpg,800,600,2-hand,255,98,503,353
5_pic00085.jpg,800,600,3-hand,109,198,336,552
25_pic00011.jpg,800,600,0-hand,503,69,677,275
25_pic00005.jpg,800,600,3-hand,436,108,602,471
15_pic00016.jpg,800,600,2-hand,20,88,154,405
3_1528505750.77_pic00059.jpg,800,600,1-hand,560,40,730,534
2_pic00608.jpg,800,600,1-hand,296,150,503,440
2_pic00212.jpg,800,600,4-hand,237,2,541,520
5_pic00093.jpg,800,600,4-hand,210,35,419,379
2_pic00359.jpg,800,600,2-hand,318,164,503,479
5_pic00049.jpg,800,600,0-hand,224,238,412,458
2_pic00075.jpg,800,600,5-hand,57,122,219,391
2_pic00586.jpg,800,600,1-hand,324,284,436,511
26_pic00037.jpg,800,600,5-hand,54,103,319,511
26_pic00037.jpg,800,600,0-hand,519,299,679,520
2_pic00598.jpg,800,600,1-hand,384,184,521,532
2_pic00308.jpg,800,600,2-hand,169,174,331,511
2_pic00390.jpg,800,600,1-hand,162,167,335,421
3_pic00018.jpg,800,600,4-hand,127,175,280,427
55_pic00036.jpg,800,600,4-hand,115,238,269,543
2_pic00434.jpg,800,600,1-hand,248,220,492,563
1528664299.56_pic00078.jpg,800,600,1-hand,354,133,483,487
1528664299.56_pic00014.jpg,800,600,4-hand,76,8,295,524
2_pic00025.jpg,800,600,5-hand,326,2,572,362
1528664299.56_pic00105.jpg,800,600,0-hand,355,112,491,297
1528664299.56_pic00003.jpg,800,600,4-hand,265,140,429,557
2_pic00260.jpg,800,600,3-hand,501,53,741,375
pic00073.jpg,800,600,5-hand,109,171,296,439
1528664299.56_pic00149.jpg,800,600,3-hand,88,163,288,521
3_1528505750.77_pic00052.jpg,800,600,2-hand,221,111,373,508
996_pic00016.jpg,800,600,0-hand,139,198,269,386
996_pic00016.jpg,800,600,0-hand,614,192,751,403
3_1528505750.77_pic00025.jpg,800,600,3-hand,156,82,359,491
2_pic00223.jpg,800,600,3-hand,263,132,438,421
46_pic00050.jpg,800,600,5-hand,202,145,378,404
46_pic00050.jpg,800,600,5-hand,486,170,660,434
3_1528505750.77_pic00011.jpg,800,600,4-hand,418,43,615,520
2_pic00459.jpg,800,600,0-hand,498,130,607,292
3_1528499009.07_pic00029.jpg,800,600,0-hand,435,88,577,298
16_pic00002.jpg,800,600,5-hand,494,280,748,600
2_pic00466.jpg,800,600,0-hand,56,168,243,438
2_pic00549.jpg,800,600,3-hand,233,91,391,377
35_pic00034.jpg,800,600,0-hand,420,276,537,465
996_pic00015.jpg,800,600,0-hand,141,193,269,392
996_pic00015.jpg,800,600,0-hand,594,224,729,426
15_pic00010.jpg,800,600,4-hand,148,152,339,590
5_pic00025.jpg,800,600,2-hand,584,85,760,530
26_pic00044.jpg,800,600,0-hand,16,37,161,239
26_pic00044.jpg,800,600,0-hand,592,191,759,403
2_pic00605.jpg,800,600,1-hand,392,147,519,480
55_pic00020.jpg,800,600,4-hand,597,205,774,570
46_pic00028.jpg,800,600,0-hand,132,196,236,353
46_pic00028.jpg,800,600,0-hand,583,332,686,464
3_1528505750.77_pic00002.jpg,800,600,5-hand,383,50,630,480
2_pic00085.jpg,800,600,5-hand,124,188,374,486
2_pic00567.jpg,800,600,4-hand,166,134,380,455
pic00104.jpg,800,600,5-hand,239,306,360,463
3_pic00011.jpg,800,600,3-hand,238,112,394,420
16_pic00027.jpg,800,600,4-hand,113,58,254,390
16_pic00027.jpg,800,600,4-hand,595,56,736,410
2_pic00204.jpg,800,600,4-hand,316,140,504,473
25_pic00015.jpg,800,600,0-hand,249,214,388,403
2_pic00199.jpg,800,600,4-hand,231,247,419,579
996_pic00045.jpg,800,600,3-hand,162,98,308,444
996_pic00080.jpg,800,600,1-hand,61,121,189,476
16_pic00026.jpg,800,600,4-hand,116,56,256,375
16_pic00026.jpg,800,600,4-hand,601,38,737,375
2_pic00205.jpg,800,600,4-hand,276,161,490,485
3_1528505750.77_pic00085.jpg,800,600,0-hand,436,116,589,374
3_1528499009.07_pic00002.jpg,800,600,4-hand,303,140,476,481
2_pic00183.jpg,800,600,4-hand,279,129,415,371
996_pic00118.jpg,800,600,3-hand,502,127,620,438
55_pic00033.jpg,800,600,3-hand,231,182,350,500
2_pic00115.jpg,800,600,5-hand,345,196,632,573
996_pic00085.jpg,800,600,0-hand,61,377,214,582
2_pic00528.jpg,800,600,1-hand,348,204,485,492
996_pic00014.jpg,800,600,0-hand,135,191,263,381
996_pic00014.jpg,800,600,0-hand,562,227,697,424
2_pic00341.jpg,800,600,2-hand,414,193,529,493
3_1528499009.07_pic00057.jpg,800,600,1-hand,297,133,435,503
pic00071.jpg,800,600,5-hand,84,269,273,537
2_pic00583.jpg,800,600,1-hand,324,259,433,490
35_pic00032.jpg,800,600,2-hand,421,173,532,486
2_pic00003.jpg,800,600,5-hand,320,169,537,516
1528664299.56_pic00174.jpg,800,600,1-hand,339,182,465,482
26_pic00008.jpg,800,600,0-hand,66,176,221,391
26_pic00008.jpg,800,600,0-hand,547,273,724,494
5_pic00050.jpg,800,600,0-hand,190,138,361,363
2_pic00288.jpg,800,600,2-hand,277,52,484,343
2_pic00404.jpg,800,600,1-hand,118,150,233,468
2_pic00347.jpg,800,600,2-hand,300,50,442,434
1528664299.56_pic00160.jpg,800,600,3-hand,188,228,347,561
3_pic00069.jpg,800,600,0-hand,165,190,308,380
16_pic00028.jpg,800,600,4-hand,127,70,266,394
16_pic00028.jpg,800,600,0-hand,614,294,759,494
pic00059.jpg,800,600,5-hand,204,69,431,350
35_pic00037.jpg,800,600,0-hand,126,138,329,416
pic00106.jpg,800,600,5-hand,291,261,385,457
2_pic00064.jpg,800,600,5-hand,261,146,498,463
5_pic00088.jpg,800,600,3-hand,212,102,355,421
3_1528505750.77_pic00045.jpg,800,600,2-hand,362,92,488,470
5_pic00047.jpg,800,600,0-hand,112,135,290,337
1528664299.56_pic00148.jpg,800,600,3-hand,279,132,476,516
46_pic00019.jpg,800,600,0-hand,176,290,276,441
46_pic00019.jpg,800,600,0-hand,530,312,621,451
2_pic00209.jpg,800,600,4-hand,216,8,503,530
2_pic00464.jpg,800,600,0-hand,194,139,337,375
1528664299.56_pic00167.jpg,800,600,2-hand,360,267,489,591
3_pic00002.jpg,800,600,4-hand,210,196,349,498
3_1528505750.77_pic00063.jpg,800,600,1-hand,309,203,414,492
2_pic00555.jpg,800,600,3-hand,410,63,577,384
2_pic00513.jpg,800,600,1-hand,291,61,416,367
55_pic00031.jpg,800,600,3-hand,45,73,192,400
15_pic00025.jpg,800,600,3-hand,188,241,309,541
2_pic00354.jpg,800,600,2-hand,176,317,345,585
25_pic00016.jpg,800,600,0-hand,623,386,790,600
55_pic00073.jpg,800,600,0-hand,504,47,655,252
2_pic00086.jpg,800,600,5-hand,132,157,403,481
3_1528505750.77_pic00057.jpg,800,600,2-hand,525,44,707,545
1528664299.56_pic00168.jpg,800,600,2-hand,355,127,485,440
2_pic00292.jpg,800,600,2-hand,283,56,489,358
3_pic00031.jpg,800,600,2-hand,494,108,597,404
1528664299.56_pic00187.jpg,800,600,4-hand,216,149,396,508
2_pic00253.jpg,800,600,3-hand,531,147,729,456
2_pic00350.jpg,800,600,2-hand,209,218,344,533
1528664299.56_pic00202.jpg,800,600,2-hand,295,187,418,510
2_pic00509.jpg,800,600,0-hand,310,291,444,465
2_pic00581.jpg,800,600,4-hand,406,124,608,474
996_pic00061.jpg,800,600,3-hand,51,99,202,482
2_pic00037.jpg,800,600,5-hand,438,155,686,509
16_pic00025.jpg,800,600,4-hand,178,141,329,474
16_pic00025.jpg,800,600,4-hand,538,129,667,456
pic00103.jpg,800,600,5-hand,230,314,350,467
996_pic00030.jpg,800,600,5-hand,109,106,345,461
996_pic00030.jpg,800,600,0-hand,563,290,707,488
2_pic00529.jpg,800,600,1-hand,347,155,483,470
1528664299.56_pic00016.jpg,800,600,4-hand,69,117,317,600
55_pic00038.jpg,800,600,2-hand,223,194,374,497
2_pic00451.jpg,800,600,0-hand,472,140,580,318
2_pic00097.jpg,800,600,5-hand,371,94,676,524
2_pic00122.jpg,800,600,5-hand,324,56,607,471
2_pic00026.jpg,800,600,5-hand,332,1,551,311
26_pic00026.jpg,800,600,4-hand,486,71,651,477
26_pic00026.jpg,800,600,4-hand,5,1,186,353
996_pic00058.jpg,800,600,3-hand,113,145,259,523
1528664299.56_pic00007.jpg,800,600,4-hand,330,33,530,505
2_pic00322.jpg,800,600,2-hand,374,81,462,320
5_pic00053.jpg,800,600,0-hand,147,257,320,487
35_pic00017.jpg,800,600,0-hand,447,5,579,165
1528664299.56_pic00182.jpg,800,600,4-hand,348,6,526,337
2_pic00389.jpg,800,600,1-hand,173,163,316,426
2_pic00135.jpg,800,600,5-hand,384,51,582,304
2_pic00376.jpg,800,600,1-hand,480,126,601,473
2_pic00113.jpg,800,600,5-hand,245,215,508,581
3_1528499009.07_pic00004.jpg,800,600,3-hand,139,104,266,421
55_pic00063.jpg,800,600,1-hand,415,214,560,511
2_pic00041.jpg,800,600,5-hand,126,251,385,547
5_pic00086.jpg,800,600,3-hand,284,173,451,496
2_pic00269.jpg,800,600,3-hand,230,182,462,443
pic00067.jpg,800,600,5-hand,79,304,280,575
2_pic00109.jpg,800,600,5-hand,284,30,571,451
16_pic00045.jpg,800,600,5-hand,527,176,763,518
16_pic00045.jpg,800,600,0-hand,114,275,250,462
1528664299.56_pic00192.jpg,800,600,4-hand,321,199,459,499
2_pic00360.jpg,800,600,2-hand,336,177,483,492
2_pic00256.jpg,800,600,3-hand,571,56,761,393
pic00035.jpg,800,600,5-hand,233,173,485,504
2_pic00087.jpg,800,600,5-hand,150,132,437,469
55_pic00012.jpg,800,600,0-hand,431,187,548,358
2_pic00274.jpg,800,600,3-hand,257,230,407,508
2_pic00450.jpg,800,600,0-hand,451,150,561,318
2_pic00080.jpg,800,600,5-hand,157,134,435,481
3_1528505750.77_pic00051.jpg,800,600,2-hand,559,256,704,598
3_1528505750.77_pic00086.jpg,800,600,0-hand,154,317,284,503
2_pic00442.jpg,800,600,0-hand,329,130,461,358
2_pic00301.jpg,800,600,2-hand,331,62,451,400
2_pic00569.jpg,800,600,4-hand,239,150,437,484
2_pic00066.jpg,800,600,5-hand,215,174,421,493
2_pic00536.jpg,800,600,2-hand,219,147,432,470
15_pic00013.jpg,800,600,4-hand,110,204,251,509
3_1528499009.07_pic00017.jpg,800,600,1-hand,335,196,443,471
996_pic00110.jpg,800,600,4-hand,535,240,677,592
2_pic00131.jpg,800,600,5-hand,391,39,623,385
996_pic00010.jpg,800,600,0-hand,188,152,312,337
996_pic00010.jpg,800,600,0-hand,524,228,655,412
pic00002.jpg,800,600,5-hand,118,220,335,539
5_pic00076.jpg,800,600,2-hand,65,102,200,417
3_1528499009.07_pic00059.jpg,800,600,1-hand,536,118,636,423
3_1528505750.77_pic00081.jpg,800,600,0-hand,223,71,360,274
3_pic00025.jpg,800,600,3-hand,235,164,462,533
1528664299.56_pic00104.jpg,800,600,0-hand,388,173,530,365
1528664299.56_pic00178.jpg,800,600,4-hand,10,249,227,600
2_pic00202.jpg,800,600,4-hand,320,137,501,490
2_pic00575.jpg,800,600,4-hand,74,210,256,528
35_pic00006.jpg,800,600,3-hand,79,182,219,512
2_pic00287.jpg,800,600,2-hand,280,47,471,364
pic00086.jpg,800,600,5-hand,329,134,535,453
3_1528505750.77_pic00058.jpg,800,600,1-hand,460,79,624,553
2_pic00056.jpg,800,600,5-hand,166,153,394,464
2_pic00475.jpg,800,600,0-hand,325,30,457,194
2_pic00561.jpg,800,600,3-hand,82,145,268,447
2_pic00601.jpg,800,600,1-hand,389,167,536,551
55_pic00067.jpg,800,600,0-hand,651,80,800,300
26_pic00031.jpg,800,600,3-hand,148,163,327,550
26_pic00031.jpg,800,600,3-hand,489,185,662,567
2_pic00505.jpg,800,600,0-hand,186,90,313,281
26_pic00048.jpg,800,600,0-hand,55,109,204,308
26_pic00048.jpg,800,600,0-hand,509,279,678,502
1528664299.56_pic00201.jpg,800,600,3-hand,321,112,451,453
1528664299.56_pic00100.jpg,800,600,0-hand,531,61,650,265
1528664299.56_pic00013.jpg,800,600,4-hand,157,22,394,559
2_pic00245.jpg,800,600,3-hand,292,222,462,502
pic00085.jpg,800,600,5-hand,350,135,544,427
1528664299.56_pic00018.jpg,800,600,4-hand,139,55,390,543
2_pic00373.jpg,800,600,1-hand,373,75,490,424
pic00004.jpg,800,600,5-hand,109,90,335,398
2_pic00196.jpg,800,600,4-hand,496,79,639,381
1528664299.56_pic00112.jpg,800,600,0-hand,188,116,325,320
2_pic00219.jpg,800,600,3-hand,290,24,459,335
996_pic00004.jpg,800,600,0-hand,142,156,263,322
996_pic00004.jpg,800,600,0-hand,542,334,674,516
2_pic00606.jpg,800,600,1-hand,336,147,504,468
2_pic00203.jpg,800,600,4-hand,329,143,503,474
996_pic00036.jpg,800,600,5-hand,125,167,360,515
996_pic00036.jpg,800,600,5-hand,482,124,702,440
996_pic00106.jpg,800,600,4-hand,632,111,762,400
26_pic00053.jpg,800,600,0-hand,48,29,195,230
26_pic00053.jpg,800,600,0-hand,553,229,701,435
3_1528505750.77_pic00016.jpg,800,600,4-hand,384,75,606,563
3_1528505750.77_pic00009.jpg,800,600,4-hand,563,181,721,573
2_pic00286.jpg,800,600,2-hand,290,41,474,379
16_pic00018.jpg,800,600,0-hand,562,238,718,437
16_pic00018.jpg,800,600,0-hand,149,253,298,445
2_pic00506.jpg,800,600,0-hand,132,179,261,344
5_pic00069.jpg,800,600,1-hand,150,203,261,459
3_1528499009.07_pic00037.jpg,800,600,3-hand,294,88,444,450
55_pic00056.jpg,800,600,4-hand,567,191,720,549
996_pic00120.jpg,800,600,3-hand,496,162,635,486
25_pic00007.jpg,800,600,0-hand,378,223,537,427
2_pic00493.jpg,800,600,0-hand,292,56,489,359
1528664299.56_pic00040.jpg,800,600,4-hand,385,133,533,502
1528664299.56_pic00073.jpg,800,600,2-hand,553,308,714,600
pic00006.jpg,800,600,5-hand,367,17,588,357
3_1528505750.77_pic00089.jpg,800,600,0-hand,267,214,433,432
3_1528505750.77_pic00035.jpg,800,600,3-hand,153,55,494,585
2_pic00316.jpg,800,600,2-hand,456,140,584,470
Hand_0009484.jpg,1600,1200,5-hand,419,250,1231,1163
2_pic00469.jpg,800,600,0-hand,133,30,303,281
16_pic00022.jpg,800,600,0-hand,103,267,245,470
16_pic00022.jpg,800,600,0-hand,483,261,633,450
55_pic00024.jpg,800,600,3-hand,586,86,766,444
26_pic00041.jpg,800,600,0-hand,90,118,241,318
26_pic00041.jpg,800,600,0-hand,526,287,696,512
26_pic00051.jpg,800,600,0-hand,50,53,191,250
26_pic00051.jpg,800,600,0-hand,545,227,691,432
55_pic00044.jpg,800,600,1-hand,80,200,213,497
2_pic00079.jpg,800,600,5-hand,156,141,431,486
2_pic00323.jpg,800,600,2-hand,395,41,482,294
2_pic00456.jpg,800,600,0-hand,647,96,762,258
2_pic00556.jpg,800,600,3-hand,415,282,568,553
16_pic00039.jpg,800,600,5-hand,510,97,733,439
16_pic00039.jpg,800,600,0-hand,95,274,230,450
2_pic00547.jpg,800,600,2-hand,443,229,594,541
2_pic00246.jpg,800,600,3-hand,268,198,406,477
1528664299.56_pic00154.jpg,800,600,3-hand,347,67,479,416
pic00053.jpg,800,600,5-hand,333,163,526,427
2_pic00438.jpg,800,600,1-hand,313,228,612,499
2_pic00111.jpg,800,600,5-hand,39,4,408,458
16_pic00007.jpg,800,600,0-hand,131,190,272,385
16_pic00007.jpg,800,600,0-hand,553,349,713,557
3_1528505750.77_pic00007.jpg,800,600,4-hand,465,33,633,440
55_pic00042.jpg,800,600,1-hand,123,158,241,465
15_pic00004.jpg,800,600,0-hand,51,100,210,317
2_pic00570.jpg,800,600,4-hand,235,222,432,534
3_1528499009.07_pic00035.jpg,800,600,4-hand,139,68,332,488
3_1528499009.07_pic00008.jpg,800,600,3-hand,463,145,626,488
2_pic00427.jpg,800,600,1-hand,416,120,512,370
3_1528505750.77_pic00082.jpg,800,600,0-hand,130,102,261,310
35_pic00020.jpg,800,600,3-hand,543,38,720,397
5_pic00048.jpg,800,600,0-hand,25,347,207,592
2_pic00077.jpg,800,600,5-hand,180,130,435,455
5_pic00052.jpg,800,600,0-hand,49,188,230,432
2_pic00028.jpg,800,600,5-hand,173,2,432,335
2_pic00403.jpg,800,600,1-hand,115,140,231,473
2_pic00218.jpg,800,600,3-hand,241,47,406,352
55_pic00018.jpg,800,600,4-hand,474,137,625,459
1528664299.56_pic00155.jpg,800,600,3-hand,182,112,336,455
2_pic00133.jpg,800,600,5-hand,378,47,583,334
pic00063.jpg,800,600,5-hand,302,218,488,453
16_pic00004.jpg,800,600,0-hand,145,343,286,534
16_pic00004.jpg,800,600,0-hand,551,347,706,558
5_pic00102.jpg,800,600,4-hand,162,209,342,571
2_pic00467.jpg,800,600,0-hand,97,239,283,498
2_pic00063.jpg,800,600,5-hand,255,132,508,456
2_pic00305.jpg,800,600,2-hand,113,149,271,480
26_pic00005.jpg,800,600,5-hand,8,85,251,484
26_pic00005.jpg,800,600,5-hand,520,74,760,506
996_pic00039.jpg,800,600,5-hand,124,93,355,446
996_pic00039.jpg,800,600,5-hand,488,180,720,544
3_pic00036.jpg,800,600,1-hand,507,157,604,438
55_pic00035.jpg,800,600,4-hand,48,94,216,426
996_pic00067.jpg,800,600,2-hand,137,106,261,490
1528664299.56_pic00017.jpg,800,600,4-hand,179,34,413,532
996_pic00048.jpg,800,600,3-hand,161,146,344,500
2_pic00580.jpg,800,600,4-hand,386,63,589,451
15_pic00021.jpg,800,600,1-hand,80,199,235,573
2_pic00421.jpg,800,600,1-hand,413,170,596,355
16_pic00029.jpg,800,600,5-hand,118,92,342,439
16_pic00029.jpg,800,600,0-hand,612,303,761,493
2_pic00499.jpg,800,600,0-hand,484,134,665,376
2_pic00552.jpg,800,600,3-hand,289,49,461,364
2_pic00591.jpg,800,600,1-hand,341,175,491,541
3_pic00003.jpg,800,600,0-hand,271,302,403,488
2_pic00596.jpg,800,600,1-hand,367,211,521,573
2_pic00507.jpg,800,600,0-hand,157,277,283,443
996_pic00038.jpg,800,600,5-hand,126,117,359,468
996_pic00038.jpg,800,600,5-hand,486,167,714,547
3_pic00026.jpg,800,600,3-hand,189,65,366,409
2_pic00411.jpg,800,600,1-hand,219,165,320,480
3_1528505750.77_pic00032.jpg,800,600,3-hand,327,34,508,376
pic00042.jpg,800,600,5-hand,233,253,412,500
35_pic00019.jpg,800,600,4-hand,545,37,725,371
3_pic00043.jpg,800,600,1-hand,512,70,684,473
2_pic00532.jpg,800,600,2-hand,286,143,435,471
3_1528505750.77_pic00066.jpg,800,600,1-hand,532,229,625,515
2_pic00284.jpg,800,600,2-hand,302,46,444,374
96_pic00007.jpg,800,600,5-hand,106,176,292,452
96_pic00007.jpg,800,600,5-hand,597,158,772,438
2_pic00258.jpg,800,600,3-hand,525,56,742,399
1528664299.56_pic00109.jpg,800,600,0-hand,171,311,307,532
2_pic00335.jpg,800,600,2-hand,524,265,644,520
pic00055.jpg,800,600,5-hand,257,61,483,350
3_1528499009.07_pic00052.jpg,800,600,2-hand,484,90,580,363
2_pic00044.jpg,800,600,5-hand,204,273,463,551
3_1528499009.07_pic00063.jpg,800,600,0-hand,348,94,480,302
996_pic00011.jpg,800,600,0-hand,203,167,326,337
996_pic00011.jpg,800,600,0-hand,498,245,637,429
2_pic00250.jpg,800,600,3-hand,468,208,661,492
1528664299.56_pic00002.jpg,800,600,4-hand,253,161,394,496
5_pic00062.jpg,800,600,0-hand,155,304,331,523
2_pic00014.jpg,800,600,5-hand,154,79,460,464
2_pic00206.jpg,800,600,4-hand,366,68,523,350
1528664299.56_pic00012.jpg,800,600,4-hand,314,27,519,508
2_pic00400.jpg,800,600,1-hand,31,156,232,450
2_pic00261.jpg,800,600,3-hand,501,58,736,380
2_pic00542.jpg,800,600,2-hand,115,62,266,364
3_pic00006.jpg,800,600,1-hand,232,132,353,424
1528664299.56_pic00061.jpg,800,600,3-hand,432,179,569,500
1528664299.56_pic00122.jpg,800,600,1-hand,96,206,248,551
15_pic00007.jpg,800,600,0-hand,180,240,354,456
996_pic00017.jpg,800,600,0-hand,142,197,269,388
996_pic00017.jpg,800,600,0-hand,610,141,747,350
3_pic00021.jpg,800,600,4-hand,400,94,613,559
5_pic00089.jpg,800,600,3-hand,186,196,309,530
pic00036.jpg,800,600,5-hand,215,182,451,508
26_pic00003.jpg,800,600,5-hand,82,210,307,585
26_pic00003.jpg,800,600,5-hand,497,184,715,586
2_pic00457.jpg,800,600,0-hand,591,111,697,280
2_pic00494.jpg,800,600,0-hand,262,103,438,381
2_pic00254.jpg,800,600,3-hand,551,75,744,412
5_pic00067.jpg,800,600,1-hand,157,144,283,429
5_pic00116.jpg,800,600,4-hand,66,253,282,599
15_pic00029.jpg,800,600,3-hand,54,84,235,429
3_1528505750.77_pic00012.jpg,800,600,4-hand,296,117,441,434
3_1528505750.77_pic00094.jpg,800,600,0-hand,403,155,568,370
2_pic00005.jpg,800,600,5-hand,23,40,321,482
2_pic00198.jpg,800,600,4-hand,479,152,644,464
2_pic00593.jpg,800,600,1-hand,294,246,519,552
3_1528505750.77_pic00092.jpg,800,600,0-hand,548,197,691,391
5_pic00071.jpg,800,600,1-hand,90,137,202,358
pic00000.jpg,800,600,5-hand,342,77,562,426
2_pic00548.jpg,800,600,2-hand,494,220,645,534
55_pic00058.jpg,800,600,3-hand,525,1,653,359
2_pic00207.jpg,800,600,4-hand,356,68,516,358
26_pic00011.jpg,800,600,0-hand,109,96,257,292
26_pic00011.jpg,800,600,0-hand,543,200,714,386
46_pic00037.jpg,800,600,0-hand,203,306,306,453
46_pic00037.jpg,800,600,0-hand,555,237,655,375
996_pic00056.jpg,800,600,3-hand,68,180,273,532
2_pic00380.jpg,800,600,1-hand,474,103,598,467
2_pic00186.jpg,800,600,4-hand,216,133,361,390
2_pic00191.jpg,800,600,4-hand,336,233,516,524
996_pic00093.jpg,800,600,0-hand,74,196,213,409
996_pic00075.jpg,800,600,1-hand,131,192,262,549
55_pic00025.jpg,800,600,3-hand,509,39,691,411
2_pic00432.jpg,800,600,1-hand,269,146,444,569
1528664299.56_pic00130.jpg,800,600,2-hand,320,81,439,393
2_pic00609.jpg,800,600,1-hand,345,126,502,456
2_pic00531.jpg,800,600,1-hand,377,126,506,445
2_pic00425.jpg,800,600,1-hand,400,121,516,380
46_pic00017.jpg,800,600,0-hand,209,286,307,439
46_pic00017.jpg,800,600,0-hand,469,277,568,423
2_pic00149.jpg,800,600,5-hand,360,205,584,502
3_1528499009.07_pic00051.jpg,800,600,2-hand,424,299,530,596
2_pic00563.jpg,800,600,3-hand,189,65,367,371
2_pic00257.jpg,800,600,3-hand,563,51,757,394
2_pic00238.jpg,800,600,3-hand,508,109,744,406
2_pic00496.jpg,800,600,0-hand,433,147,603,404
2_pic00485.jpg,800,600,0-hand,524,164,644,332
pic00041.jpg,800,600,5-hand,232,209,463,524
1528664299.56_pic00099.jpg,800,600,0-hand,551,140,665,345
16_pic00023.jpg,800,600,0-hand,69,263,206,457
16_pic00023.jpg,800,600,0-hand,463,267,608,451
35_pic00007.jpg,800,600,2-hand,73,182,213,518
2_pic00444.jpg,800,600,0-hand,331,134,444,349
2_pic00009.jpg,800,600,5-hand,232,112,523,480
5_pic00009.jpg,800,600,5-hand,427,76,644,476
996_pic00111.jpg,800,600,4-hand,536,241,680,600
2_pic00010.jpg,800,600,5-hand,242,112,526,485
2_pic00370.jpg,800,600,2-hand,402,128,578,480
15_pic00022.jpg,800,600,3-hand,74,176,232,562
3_1528505750.77_pic00018.jpg,800,600,4-hand,90,11,314,575
2_pic00040.jpg,800,600,5-hand,250,2,521,311
3_pic00072.jpg,800,600,0-hand,445,280,615,463
996_pic00018.jpg,800,600,0-hand,143,211,272,399
996_pic00018.jpg,800,600,0-hand,612,114,751,317
2_pic00045.jpg,800,600,5-hand,244,281,492,544
3_pic00008.jpg,800,600,2-hand,341,57,523,440
1528664299.56_pic00004.jpg,800,600,4-hand,241,123,436,600
1528664299.56_pic00121.jpg,800,600,1-hand,226,116,366,468
55_pic00017.jpg,800,600,0-hand,424,186,556,350
2_pic00236.jpg,800,600,3-hand,406,77,618,385
2_pic00306.jpg,800,600,2-hand,91,158,245,488
2_pic00486.jpg,800,600,0-hand,478,214,589,386
3_1528499009.07_pic00048.jpg,800,600,2-hand,129,177,278,516
2_pic00092.jpg,800,600,5-hand,271,134,566,545
1528664299.56_pic00196.jpg,800,600,3-hand,244,55,385,355
3_1528505750.77_pic00027.jpg,800,600,3-hand,323,197,454,563
46_pic00029.jpg,800,600,0-hand,137,222,239,373
46_pic00029.jpg,800,600,0-hand,573,263,677,409
pic00021.jpg,800,600,5-hand,321,187,551,558
3_1528499009.07_pic00027.jpg,800,600,0-hand,309,238,425,414
2_pic00449.jpg,800,600,0-hand,444,128,555,314
26_pic00024.jpg,800,600,4-hand,15,1,189,341
26_pic00024.jpg,800,600,4-hand,500,38,657,439
46_pic00007.jpg,800,600,4-hand,123,88,266,434
2_pic00033.jpg,800,600,5-hand,125,269,402,509
55_pic00057.jpg,800,600,3-hand,523,151,641,491
2_pic00584.jpg,800,600,1-hand,324,256,435,503
2_pic00512.jpg,800,600,1-hand,273,85,395,374
35_pic00003.jpg,800,600,0-hand,567,163,750,379
3_1528505750.77_pic00028.jpg,800,600,3-hand,418,120,554,503
1528664299.56_pic00052.jpg,800,600,3-hand,360,94,553,459
pic00101.jpg,800,600,5-hand,239,311,356,471
2_pic00303.jpg,800,600,2-hand,244,98,371,432
2_pic00110.jpg,800,600,5-hand,219,23,500,456
2_pic00280.jpg,800,600,3-hand,557,209,727,520
2_pic00011.jpg,800,600,5-hand,238,111,527,492
996_pic00066.jpg,800,600,2-hand,155,140,285,523
996_pic00089.jpg,800,600,0-hand,41,252,196,496
2_pic00433.jpg,800,600,1-hand,251,192,476,564
2_pic00002.jpg,800,600,5-hand,220,192,444,529
pic00072.jpg,800,600,5-hand,100,196,286,459
2_pic00361.jpg,800,600,2-hand,355,194,474,508
3_1528505750.77_pic00008.jpg,800,600,4-hand,436,177,584,550
Hand_0000490.jpg,1600,1200,5-hand,80,72,1004,1048
1528664299.56_pic00075.jpg,800,600,2-hand,171,97,359,534
996_pic00003.jpg,800,600,0-hand,145,204,269,380
996_pic00003.jpg,800,600,0-hand,543,330,679,505
996_pic00098.jpg,800,600,0-hand,507,332,635,515
1528664299.56_pic00177.jpg,800,600,4-hand,98,192,286,538
996_pic00119.jpg,800,600,3-hand,482,146,613,446
996_pic00104.jpg,800,600,0-hand,624,230,743,415
5_pic00114.jpg,800,600,4-hand,183,261,353,591
1528664299.56_pic00173.jpg,800,600,2-hand,225,112,376,555
35_pic00016.jpg,800,600,0-hand,551,63,698,241
996_pic00137.jpg,800,600,1-hand,494,261,621,581
15_pic00023.jpg,800,600,3-hand,183,97,348,497
3_pic00046.jpg,800,600,1-hand,543,206,710,600
16_pic00044.jpg,800,600,0-hand,113,276,250,455
16_pic00044.jpg,800,600,5-hand,533,176,769,540
46_pic00010.jpg,800,600,2-hand,191,162,308,455
1528664299.56_pic00162.jpg,800,600,2-hand,376,234,510,564
55_pic00062.jpg,800,600,1-hand,571,82,692,399
55_pic00021.jpg,800,600,4-hand,527,180,708,550
996_pic00023.jpg,800,600,0-hand,149,247,280,441
996_pic00023.jpg,800,600,5-hand,492,96,716,428
2_pic00107.jpg,800,600,5-hand,423,32,767,462
996_pic00021.jpg,800,600,0-hand,176,288,307,486
996_pic00021.jpg,800,600,0-hand,589,112,729,312
2_pic00522.jpg,800,600,1-hand,86,267,215,543
2_pic00224.jpg,800,600,3-hand,257,165,441,461
2_pic00042.jpg,800,600,5-hand,129,257,394,574
2_pic00550.jpg,800,600,3-hand,220,82,390,374
3_pic00039.jpg,800,600,0-hand,224,221,395,445
1528664299.56_pic00037.jpg,800,600,4-hand,226,180,419,541
996_pic00050.jpg,800,600,3-hand,94,152,283,512
996_pic00077.jpg,800,600,1-hand,113,98,245,434
55_pic00068.jpg,800,600,0-hand,644,196,791,421
2_pic00539.jpg,800,600,2-hand,401,62,576,406
Hand_0000084.jpg,1600,1200,5-hand,228,206,1016,1200
pic00070.jpg,800,600,5-hand,77,293,267,565
2_pic00387.jpg,800,600,1-hand,215,147,333,428
pic00061.jpg,800,600,5-hand,277,144,459,411
5_pic00082.jpg,800,600,2-hand,195,192,336,464
2_pic00424.jpg,800,600,1-hand,403,100,514,376
2_pic00388.jpg,800,600,1-hand,203,157,302,433
1528664299.56_pic00171.jpg,800,600,2-hand,221,63,331,387
1528664299.56_pic00041.jpg,800,600,4-hand,492,98,644,475
2_pic00340.jpg,800,600,2-hand,421,210,536,503
55_pic00054.jpg,800,600,0-hand,47,171,182,355
996_pic00051.jpg,800,600,3-hand,72,151,268,517
3_1528505750.77_pic00037.jpg,800,600,3-hand,343,58,557,412
2_pic00517.jpg,800,600,1-hand,155,110,268,402
996_pic00001.jpg,800,600,0-hand,169,330,296,524
996_pic00001.jpg,800,600,0-hand,532,316,663,484
3_1528505750.77_pic00022.jpg,800,600,3-hand,447,46,685,444
2_pic00375.jpg,800,600,1-hand,401,96,523,437
2_pic00266.jpg,800,600,3-hand,350,71,536,370
3_1528499009.07_pic00011.jpg,800,600,2-hand,451,227,586,561
2_pic00405.jpg,800,600,1-hand,113,181,241,490
2_pic00195.jpg,800,600,4-hand,413,104,551,405
16_pic00001.jpg,800,600,5-hand,490,239,740,600
26_pic00039.jpg,800,600,0-hand,107,256,257,468
26_pic00039.jpg,800,600,0-hand,521,247,683,479
55_pic00066.jpg,800,600,1-hand,557,67,716,456
3_pic00049.jpg,800,600,1-hand,518,264,627,587
3_1528505750.77_pic00090.jpg,800,600,0-hand,377,228,538,445
pic00046.jpg,800,600,5-hand,339,210,496,497
35_pic00015.jpg,800,600,0-hand,614,251,763,457
1528664299.56_pic00106.jpg,800,600,0-hand,247,194,378,403
3_pic00053.jpg,800,600,1-hand,232,162,359,538
996_pic00126.jpg,800,600,2-hand,542,139,673,463
3_1528505750.77_pic00033.jpg,800,600,3-hand,172,249,386,570
16_pic00046.jpg,800,600,5-hand,102,129,283,459
16_pic00046.jpg,800,600,5-hand,525,147,756,492
5_pic00077.jpg,800,600,2-hand,110,162,249,500
Hand_0000046.jpg,1600,1200,5-hand,250,187,1153,1200
Hand_0000412.jpg,1600,1200,5-hand,289,92,1170,963
55_pic00075.jpg,800,600,0-hand,567,286,704,459
2_pic00190.jpg,800,600,4-hand,292,235,465,524
1528664299.56_pic00127.jpg,800,600,1-hand,277,129,407,459
15_pic00001.jpg,800,600,5-hand,73,100,324,470
55_pic00032.jpg,800,600,3-hand,61,259,230,586
996_pic00134.jpg,800,600,1-hand,589,138,706,468
3_1528505750.77_pic00024.jpg,800,600,3-hand,221,115,439,541
2_pic00054.jpg,800,600,5-hand,147,91,431,434
3_1528499009.07_pic00040.jpg,800,600,3-hand,376,63,545,434
2_pic00240.jpg,800,600,3-hand,468,312,708,533
pic00009.jpg,800,600,5-hand,342,58,567,403
3_1528505750.77_pic00088.jpg,800,600,0-hand,241,77,406,304
5_pic00006.jpg,800,600,5-hand,431,32,710,484
3_pic00048.jpg,800,600,1-hand,255,199,385,502
35_pic00014.jpg,800,600,0-hand,150,252,280,427
3_pic00050.jpg,800,600,1-hand,509,177,608,486
1528664299.56_pic00185.jpg,800,600,4-hand,284,197,426,484
5_pic00118.jpg,800,600,3-hand,127,233,296,600
46_pic00011.jpg,800,600,2-hand,220,215,312,474
55_pic00070.jpg,800,600,0-hand,467,93,608,296
2_pic00428.jpg,800,600,1-hand,407,150,521,428
2_pic00417.jpg,800,600,1-hand,379,96,509,388
996_pic00081.jpg,800,600,1-hand,77,181,210,545
1528664299.56_pic00102.jpg,800,600,0-hand,308,257,432,438
1528664299.56_pic00044.jpg,800,600,4-hand,409,146,580,556
996_pic00062.jpg,800,600,3-hand,42,134,203,527
15_pic00014.jpg,800,600,0-hand,126,262,250,455
1528664299.56_pic00172.jpg,800,600,2-hand,188,171,329,509
3_1528499009.07_pic00016.jpg,800,600,2-hand,195,63,326,414
1528664299.56_pic00198.jpg,800,600,3-hand,255,129,389,429
2_pic00022.jpg,800,600,5-hand,268,82,490,421
55_pic00014.jpg,800,600,0-hand,580,90,724,270
55_pic00023.jpg,800,600,3-hand,539,150,702,497
1528664299.56_pic00138.jpg,800,600,2-hand,376,81,533,440
3_1528505750.77_pic00055.jpg,800,600,2-hand,333,69,494,529
26_pic00036.jpg,800,600,0-hand,98,269,259,476
26_pic00036.jpg,800,600,5-hand,455,124,692,512
46_pic00042.jpg,800,600,0-hand,159,281,259,434
46_pic00042.jpg,800,600,0-hand,468,253,567,402
1528664299.56_pic00175.jpg,800,600,4-hand,339,169,489,496
2_pic00024.jpg,800,600,5-hand,335,44,544,392
pic00010.jpg,800,600,5-hand,337,64,554,391
3_1528499009.07_pic00045.jpg,800,600,3-hand,477,264,664,600
2_pic00298.jpg,800,600,2-hand,308,3,560,303
2_pic00248.jpg,800,600,3-hand,203,222,362,492
2_pic00498.jpg,800,600,0-hand,472,140,638,396
3_1528505750.77_pic00040.jpg,800,600,2-hand,351,167,508,598
2_pic00065.jpg,800,600,5-hand,237,158,450,465
Hand_0000451.jpg,1600,1200,5-hand,421,38,1175,1094
3_1528505750.77_pic00039.jpg,800,600,2-hand,324,79,514,600
996_pic00107.jpg,800,600,4-hand,583,99,715,416
2_pic00419.jpg,800,600,1-hand,384,94,524,350
1528664299.56_pic00144.jpg,800,600,3-hand,323,181,503,547
2_pic00483.jpg,800,600,0-hand,491,49,602,208
3_1528499009.07_pic00049.jpg,800,600,2-hand,179,224,320,523
996_pic00082.jpg,800,600,1-hand,69,235,201,592
2_pic00018.jpg,800,600,5-hand,191,120,404,459
1528664299.56_pic00089.jpg,800,600,0-hand,447,153,578,346
2_pic00437.jpg,800,600,1-hand,315,155,550,504
2_pic00228.jpg,800,600,3-hand,335,109,530,412
3_1528499009.07_pic00007.jpg,800,600,3-hand,396,90,583,403
2_pic00321.jpg,800,600,2-hand,367,152,455,377
2_pic00157.jpg,800,600,5-hand,201,90,389,330
2_pic00249.jpg,800,600,3-hand,189,211,356,482
3_1528499009.07_pic00031.jpg,800,600,0-hand,56,317,203,551
16_pic00013.jpg,800,600,0-hand,156,329,303,517
16_pic00013.jpg,800,600,0-hand,537,208,694,393
3_1528499009.07_pic00064.jpg,800,600,0-hand,429,303,547,497
2_pic00120.jpg,800,600,5-hand,325,105,626,508
2_pic00426.jpg,800,600,1-hand,409,111,515,367
3_1528499009.07_pic00033.jpg,800,600,4-hand,314,126,463,474
55_pic00005.jpg,800,600,0-hand,198,291,310,458
996_pic00033.jpg,800,600,5-hand,114,153,357,498
996_pic00033.jpg,800,600,0-hand,567,200,708,399
1528664299.56_pic00206.jpg,800,600,1-hand,325,241,447,587
26_pic00029.jpg,800,600,4-hand,63,22,247,415
26_pic00029.jpg,800,600,4-hand,492,68,661,473
2_pic00171.jpg,800,600,5-hand,430,34,624,328
2_pic00162.jpg,800,600,5-hand,225,199,438,427
35_pic00002.jpg,800,600,0-hand,553,279,733,491
5_pic00013.jpg,800,600,3-hand,562,47,753,457
3_pic00022.jpg,800,600,4-hand,516,158,659,480
15_pic00003.jpg,800,600,0-hand,155,163,308,369
3_1528505750.77_pic00020.jpg,800,600,3-hand,210,57,401,452
3_1528505750.77_pic00030.jpg,800,600,3-hand,509,159,661,576
2_pic00368.jpg,800,600,2-hand,345,133,529,481
3_1528505750.77_pic00084.jpg,800,600,0-hand,455,232,607,459
1528664299.56_pic00143.jpg,800,600,2-hand,507,173,643,461
996_pic00000.jpg,800,600,0-hand,167,337,294,520
996_pic00000.jpg,800,600,0-hand,529,298,659,484
16_pic00015.jpg,800,600,0-hand,161,341,304,526
16_pic00015.jpg,800,600,0-hand,530,200,685,382
2_pic00526.jpg,800,600,1-hand,255,208,376,524
16_pic00038.jpg,800,600,0-hand,90,264,227,441
16_pic00038.jpg,800,600,5-hand,510,145,732,500
35_pic00018.jpg,800,600,0-hand,454,4,583,165
3_pic00005.jpg,800,600,1-hand,272,193,397,521
1528664299.56_pic00186.jpg,800,600,4-hand,241,171,403,514
2_pic00267.jpg,800,600,3-hand,314,127,507,414
55_pic00047.jpg,800,600,1-hand,110,220,230,481
2_pic00134.jpg,800,600,5-hand,377,50,579,335
3_1528505750.77_pic00050.jpg,800,600,2-hand,566,217,706,590
2_pic00251.jpg,800,600,3-hand,489,216,683,504
pic00011.jpg,800,600,5-hand,332,71,550,397
2_pic00252.jpg,800,600,3-hand,531,199,725,491
pic00012.jpg,800,600,5-hand,342,106,562,417
96_pic00004.jpg,800,600,5-hand,167,214,349,486
96_pic00004.jpg,800,600,5-hand,513,193,684,471
3_1528499009.07_pic00015.jpg,800,600,2-hand,120,264,284,598
2_pic00172.jpg,800,600,5-hand,260,76,591,571
996_pic00042.jpg,800,600,4-hand,144,123,290,462
996_pic00042.jpg,800,600,4-hand,555,133,706,484
1528664299.56_pic00194.jpg,800,600,4-hand,267,174,383,437
2_pic00535.jpg,800,600,2-hand,242,138,432,468
2_pic00001.jpg,800,600,5-hand,212,233,439,567
16_pic00019.jpg,800,600,0-hand,239,258,386,450
16_pic00019.jpg,800,600,0-hand,650,243,800,445
1528664299.56_pic00005.jpg,800,600,4-hand,142,55,361,558
2_pic00523.jpg,800,600,1-hand,54,246,189,516
2_pic00216.jpg,800,600,4-hand,392,112,549,404
3_1528505750.77_pic00023.jpg,800,600,3-hand,401,164,631,549
1528664299.56_pic00103.jpg,800,600,0-hand,395,261,539,459
996_pic00091.jpg,800,600,0-hand,76,246,229,467
3_pic00024.jpg,800,600,3-hand,477,106,644,414
1528664299.56_pic00137.jpg,800,600,2-hand,386,140,503,424
2_pic00357.jpg,800,600,2-hand,318,159,494,475
2_pic00103.jpg,800,600,5-hand,279,26,550,459
1528664299.56_pic00000.jpg,800,600,4-hand,309,206,454,556
55_pic00060.jpg,800,600,2-hand,557,247,692,571
3_1528499009.07_pic00020.jpg,800,600,1-hand,390,238,501,523
5_pic00003.jpg,800,600,5-hand,20,87,313,544
3_pic00010.jpg,800,600,3-hand,238,227,416,570
5_pic00100.jpg,800,600,4-hand,16,187,241,532
996_pic00052.jpg,800,600,3-hand,54,141,251,510
5_pic00057.jpg,800,600,0-hand,115,64,283,302
2_pic00132.jpg,800,600,5-hand,389,37,610,352
3_1528505750.77_pic00004.jpg,800,600,5-hand,104,50,367,451
3_1528505750.77_pic00031.jpg,800,600,3-hand,86,23,332,502
3_1528499009.07_pic00030.jpg,800,600,0-hand,189,347,285,512
2_pic00481.jpg,800,600,0-hand,449,43,567,200
1528664299.56_pic00101.jpg,800,600,0-hand,632,169,741,400
46_pic00044.jpg,800,600,0-hand,142,277,245,420
46_pic00044.jpg,800,600,0-hand,454,261,553,409
pic00064.jpg,800,600,5-hand,273,223,488,481
996_pic00100.jpg,800,600,0-hand,454,298,579,473
2_pic00214.jpg,800,600,4-hand,330,56,648,515
2_pic00398.jpg,800,600,1-hand,100,127,242,428
46_pic00016.jpg,800,600,0-hand,182,299,285,452
1528664299.56_pic00131.jpg,800,600,2-hand,208,76,327,397
2_pic00492.jpg,800,600,0-hand,342,1,563,311
1528664299.56_pic00152.jpg,800,600,3-hand,321,162,488,446
pic00044.jpg,800,600,5-hand,271,262,501,539
996_pic00037.jpg,800,600,5-hand,126,120,360,468
996_pic00037.jpg,800,600,5-hand,484,182,712,555
2_pic00055.jpg,800,600,5-hand,131,111,401,440
pic00102.jpg,800,600,5-hand,229,320,347,473
996_pic00049.jpg,800,600,3-hand,125,147,304,494
96_pic00008.jpg,800,600,0-hand,126,281,243,453
96_pic00008.jpg,800,600,0-hand,626,255,763,432
2_pic00052.jpg,800,600,5-hand,195,53,466,411
996_pic00055.jpg,800,600,3-hand,71,165,277,535
1528664299.56_pic00060.jpg,800,600,3-hand,448,170,638,508
3_pic00019.jpg,800,600,4-hand,263,176,392,422
2_pic00587.jpg,800,600,1-hand,348,227,461,486
3_pic00030.jpg,800,600,2-hand,445,188,548,473
25_pic00003.jpg,800,600,0-hand,471,265,630,449
pic00058.jpg,800,600,5-hand,162,56,401,335
2_pic00566.jpg,800,600,4-hand,168,124,379,455
55_pic00049.jpg,800,600,0-hand,126,208,250,374
996_pic00019.jpg,800,600,0-hand,153,245,283,441
996_pic00019.jpg,800,600,0-hand,601,108,739,312
3_1528499009.07_pic00019.jpg,800,600,1-hand,449,86,572,394
1528664299.56_pic00077.jpg,800,600,1-hand,331,222,468,596
55_pic00043.jpg,800,600,1-hand,139,44,265,363
1528664299.56_pic00055.jpg,800,600,3-hand,27,30,245,417
1528664299.56_pic00090.jpg,800,600,0-hand,448,99,573,290
55_pic00030.jpg,800,600,3-hand,178,96,294,417
2_pic00430.jpg,800,600,1-hand,301,162,463,535
2_pic00592.jpg,800,600,1-hand,330,192,502,526
2_pic00572.jpg,800,600,4-hand,101,257,263,563
2_pic00588.jpg,800,600,1-hand,357,232,471,493
3_1528499009.07_pic00050.jpg,800,600,2-hand,362,276,456,582
2_pic00178.jpg,800,600,5-hand,384,62,596,340
2_pic00396.jpg,800,600,1-hand,179,132,284,440
996_pic00024.jpg,800,600,0-hand,137,223,268,416
996_pic00024.jpg,800,600,5-hand,486,112,714,455
1528664299.56_pic00053.jpg,800,600,3-hand,115,84,329,518
2_pic00443.jpg,800,600,0-hand,318,144,450,357
996_pic00034.jpg,800,600,5-hand,119,168,361,522
996_pic00034.jpg,800,600,0-hand,563,191,709,382
2_pic00145.jpg,800,600,5-hand,431,76,621,370
3_pic00017.jpg,800,600,4-hand,123,226,301,563
1528664299.56_pic00120.jpg,800,600,1-hand,347,77,500,458
2_pic00594.jpg,800,600,1-hand,336,230,526,537
55_pic00072.jpg,800,600,0-hand,573,130,729,333
55_pic00029.jpg,800,600,3-hand,367,152,576,515
3_1528505750.77_pic00072.jpg,800,600,1-hand,477,120,600,414
996_pic00145.jpg,800,600,0-hand,595,241,729,443
2_pic00035.jpg,800,600,5-hand,451,264,704,568
1528664299.56_pic00068.jpg,800,600,2-hand,229,153,384,528
996_pic00008.jpg,800,600,0-hand,169,88,290,256
996_pic00008.jpg,800,600,0-hand,541,332,678,516
2_pic00004.jpg,800,600,5-hand,325,202,545,550
26_pic00043.jpg,800,600,0-hand,8,44,155,249
26_pic00043.jpg,800,600,0-hand,520,274,689,498
26_pic00013.jpg,800,600,0-hand,69,159,238,393
26_pic00013.jpg,800,600,0-hand,543,124,735,357
3_1528499009.07_pic00005.jpg,800,600,3-hand,290,220,441,540
2_pic00185.jpg,800,600,4-hand,248,188,367,386
2_pic00478.jpg,800,600,0-hand,397,39,513,193
2_pic00046.jpg,800,600,5-hand,309,286,550,527
55_pic00041.jpg,800,600,2-hand,109,139,231,490
55_pic00045.jpg,800,600,1-hand,188,241,288,484
pic00107.jpg,800,600,5-hand,267,265,410,451
46_pic00012.jpg,800,600,3-hand,196,191,306,471
2_pic00294.jpg,800,600,2-hand,350,32,473,368
16_pic00020.jpg,800,600,0-hand,233,258,383,444
16_pic00020.jpg,800,600,0-hand,645,243,800,440
pic00039.jpg,800,600,5-hand,183,203,429,510
3_1528505750.77_pic00017.jpg,800,600,4-hand,210,24,442,562
2_pic00068.jpg,800,600,5-hand,259,182,507,537
996_pic00121.jpg,800,600,3-hand,523,164,651,499
1528664299.56_pic00006.jpg,800,600,4-hand,212,29,444,541
35_pic00022.jpg,800,600,1-hand,590,116,738,441
1528664299.56_pic00146.jpg,800,600,3-hand,98,55,313,440
2_pic00232.jpg,800,600,3-hand,333,65,519,375
26_pic00021.jpg,800,600,0-hand,90,127,255,349
26_pic00021.jpg,800,600,0-hand,543,246,712,453
3_pic00063.jpg,800,600,0-hand,356,143,494,323
3_1528499009.07_pic00061.jpg,800,600,0-hand,488,188,600,373
pic00043.jpg,800,600,5-hand,257,281,467,530
pic00003.jpg,800,600,5-hand,220,237,451,569
996_pic00031.jpg,800,600,0-hand,565,264,709,457
996_pic00031.jpg,800,600,5-hand,108,106,348,455
46_pic00043.jpg,800,600,0-hand,151,276,255,424
46_pic00043.jpg,800,600,0-hand,463,256,562,392
5_pic00018.jpg,800,600,3-hand,530,64,744,502
2_pic00083.jpg,800,600,5-hand,135,174,385,485
pic00034.jpg,800,600,5-hand,247,170,486,503
5_pic00070.jpg,800,600,1-hand,162,162,274,437
pic00033.jpg,800,600,5-hand,277,164,501,486
2_pic00208.jpg,800,600,4-hand,292,74,471,370
996_pic00143.jpg,800,600,1-hand,596,298,714,600
46_pic00036.jpg,800,600,0-hand,201,311,306,461
46_pic00036.jpg,800,600,0-hand,553,233,655,376
2_pic00460.jpg,800,600,0-hand,413,151,527,333
2_pic00533.jpg,800,600,2-hand,284,138,431,470
996_pic00040.jpg,800,600,4-hand,141,124,295,470
996_pic00040.jpg,800,600,4-hand,554,173,708,530
5_pic00092.jpg,800,600,4-hand,157,118,330,433
2_pic00407.jpg,800,600,1-hand,277,270,479,494
1528664299.56_pic00117.jpg,800,600,0-hand,243,305,409,564
55_pic00061.jpg,800,600,2-hand,504,133,619,449
1528664299.56_pic00039.jpg,800,600,4-hand,382,85,556,504
35_pic00011.jpg,800,600,0-hand,59,290,201,479
55_pic00002.jpg,800,600,0-hand,182,70,294,246
2_pic00349.jpg,800,600,2-hand,248,118,376,474
1528664299.56_pic00126.jpg,800,600,1-hand,130,212,278,570
55_pic00026.jpg,800,600,3-hand,510,268,690,598
16_pic00017.jpg,800,600,0-hand,513,168,662,343
16_pic00017.jpg,800,600,0-hand,213,386,354,569
3_1528505750.77_pic00099.jpg,800,600,0-hand,292,303,467,520
55_pic00013.jpg,800,600,0-hand,596,174,736,369
5_pic00074.jpg,800,600,2-hand,178,85,331,408
3_1528505750.77_pic00021.jpg,800,600,3-hand,339,39,531,438
2_pic00525.jpg,800,600,1-hand,195,212,325,535
1528664299.56_pic00190.jpg,800,600,4-hand,313,39,460,340
2_pic00029.jpg,800,600,5-hand,147,3,403,339
3_1528499009.07_pic00039.jpg,800,600,3-hand,395,267,574,600
2_pic00271.jpg,800,600,3-hand,276,200,433,482
pic00038.jpg,800,600,5-hand,185,198,435,505
1528664299.56_pic00123.jpg,800,600,1-hand,125,259,286,600
2_pic00589.jpg,800,600,1-hand,368,250,513,490
pic00088.jpg,800,600,5-hand,163,1,569,563
pic00051.jpg,800,600,5-hand,329,159,526,433
1528664299.56_pic00156.jpg,800,600,3-hand,209,220,377,590
1528664299.56_pic00119.jpg,800,600,1-hand,373,3,527,365
1528664299.56_pic00019.jpg,800,600,4-hand,121,69,385,565
1528664299.56_pic00133.jpg,800,600,2-hand,133,232,291,576
3_1528499009.07_pic00024.jpg,800,600,1-hand,171,157,308,497
35_pic00026.jpg,800,600,0-hand,512,344,601,482
2_pic00318.jpg,800,600,2-hand,476,200,574,471
pic00023.jpg,800,600,5-hand,280,156,486,488
2_pic00508.jpg,800,600,0-hand,278,315,414,481
2_pic00465.jpg,800,600,0-hand,68,109,249,375
1528664299.56_pic00066.jpg,800,600,3-hand,151,27,349,441
2_pic00423.jpg,800,600,1-hand,396,90,532,349
2_pic00020.jpg,800,600,5-hand,163,106,360,428
1528664299.56_pic00125.jpg,800,600,1-hand,45,269,189,590
2_pic00152.jpg,800,600,5-hand,472,217,690,505
3_1528499009.07_pic00003.jpg,800,600,4-hand,230,74,373,387
35_pic00035.jpg,800,600,0-hand,524,181,638,380
3_pic00032.jpg,800,600,2-hand,345,62,466,411
3_1528499009.07_pic00047.jpg,800,600,2-hand,263,92,435,541
3_pic00038.jpg,800,600,0-hand,412,194,545,370
996_pic00059.jpg,800,600,3-hand,115,106,256,480
16_pic00030.jpg,800,600,5-hand,108,128,336,486
16_pic00030.jpg,800,600,0-hand,614,298,762,494
1528664299.56_pic00092.jpg,800,600,0-hand,203,223,363,468
pic00097.jpg,800,600,5-hand,329,262,457,455
1528664299.56_pic00153.jpg,800,600,3-hand,363,152,497,473
3_1528499009.07_pic00023.jpg,800,600,1-hand,189,202,337,563
1528664299.56_pic00042.jpg,800,600,4-hand,423,80,586,459
1528664299.56_pic00136.jpg,800,600,2-hand,371,299,457,535
2_pic00337.jpg,800,600,2-hand,477,291,594,543
2_pic00595.jpg,800,600,1-hand,368,220,516,582
2_pic00273.jpg,800,600,3-hand,248,222,390,496
1528664299.56_pic00021.jpg,800,600,4-hand,174,80,457,590
2_pic00537.jpg,800,600,2-hand,284,145,424,453
16_pic00005.jpg,800,600,0-hand,132,241,279,430
16_pic00005.jpg,800,600,0-hand,551,391,712,584
Hand_0000002.jpg,1600,1200,5-hand,299,143,1162,1200
3_1528505750.77_pic00087.jpg,800,600,0-hand,373,63,527,286
5_pic00017.jpg,800,600,3-hand,590,67,772,515
3_1528505750.77_pic00093.jpg,800,600,0-hand,525,70,676,264
2_pic00612.jpg,800,600,1-hand,372,180,563,476
2_pic00310.jpg,800,600,2-hand,280,152,410,521
5_pic00021.jpg,800,600,3-hand,597,104,768,477
2_pic00497.jpg,800,600,0-hand,462,130,636,387
2_pic00243.jpg,800,600,3-hand,314,228,520,497
2_pic00158.jpg,800,600,5-hand,153,88,344,322
pic00100.jpg,800,600,5-hand,256,298,374,458
26_pic00030.jpg,800,600,4-hand,148,151,310,537
26_pic00030.jpg,800,600,4-hand,479,193,644,577
2_pic00295.jpg,800,600,2-hand,359,17,506,363
3_1528505750.77_pic00077.jpg,800,600,1-hand,153,227,308,570
996_pic00065.jpg,800,600,2-hand,154,138,286,520
2_pic00344.jpg,800,600,2-hand,391,98,521,429
55_pic00050.jpg,800,600,0-hand,121,165,248,341
2_pic00078.jpg,800,600,5-hand,171,140,436,467
26_pic00014.jpg,800,600,0-hand,545,115,743,334
26_pic00014.jpg,800,600,0-hand,69,174,238,414
1528664299.56_pic00115.jpg,800,600,0-hand,150,235,298,479
35_pic00010.jpg,800,600,0-hand,82,306,220,500
2_pic00036.jpg,800,600,5-hand,473,243,724,563
26_pic00019.jpg,800,600,0-hand,525,192,720,427
26_pic00019.jpg,800,600,0-hand,68,290,255,553
2_pic00343.jpg,800,600,2-hand,385,134,513,470
2_pic00345.jpg,800,600,2-hand,391,50,521,403
2_pic00072.jpg,800,600,5-hand,92,193,288,479
Hand_0000553.jpg,1600,1200,5-hand,533,302,1384,1200
26_pic00027.jpg,800,600,4-hand,1,14,178,416
26_pic00027.jpg,800,600,4-hand,469,65,636,471
26_pic00042.jpg,800,600,0-hand,42,45,192,253
26_pic00042.jpg,800,600,0-hand,527,281,695,508
2_pic00521.jpg,800,600,1-hand,125,300,259,569
pic00095.jpg,800,600,5-hand,310,215,463,438
2_pic00446.jpg,800,600,0-hand,373,87,510,293
2_pic00334.jpg,800,600,2-hand,527,230,671,504
3_1528505750.77_pic00060.jpg,800,600,1-hand,260,97,396,434
3_pic00029.jpg,800,600,3-hand,420,244,573,492
2_pic00263.jpg,800,600,3-hand,501,97,736,392
pic00090.jpg,800,600,5-hand,200,21,572,582
1528664299.56_pic00118.jpg,800,600,1-hand,366,180,516,522
2_pic00500.jpg,800,600,0-hand,507,93,704,367
2_pic00307.jpg,800,600,2-hand,121,164,289,508
15_pic00002.jpg,800,600,0-hand,149,303,302,512
2_pic00101.jpg,800,600,5-hand,235,68,507,482
2_pic00374.jpg,800,600,1-hand,384,87,500,435
55_pic00034.jpg,800,600,4-hand,182,193,335,514
2_pic00081.jpg,800,600,5-hand,148,141,431,462
1528664299.56_pic00179.jpg,800,600,4-hand,271,209,450,584
3_1528499009.07_pic00060.jpg,800,600,1-hand,538,76,639,381
3_1528505750.77_pic00074.jpg,800,600,1-hand,236,117,345,382
5_pic00105.jpg,800,600,5-hand,49,57,296,371
2_pic00188.jpg,800,600,4-hand,137,270,314,521
3_pic00014.jpg,800,600,4-hand,315,200,483,556
Hand_0009341.jpg,1600,1200,5-hand,248,38,1304,1045
996_pic00102.jpg,800,600,0-hand,518,211,638,380
2_pic00468.jpg,800,600,0-hand,151,294,323,540
2_pic00327.jpg,800,600,2-hand,182,51,283,279
2_pic00420.jpg,800,600,1-hand,395,120,553,361
2_pic00314.jpg,800,600,2-hand,451,143,580,508
15_pic00011.jpg,800,600,4-hand,171,68,377,545
5_pic00058.jpg,800,600,0-hand,126,165,292,379
2_pic00383.jpg,800,600,1-hand,201,77,360,459
2_pic00551.jpg,800,600,3-hand,237,67,406,362
3_1528505750.77_pic00065.jpg,800,600,1-hand,513,218,629,529
25_pic00019.jpg,800,600,0-hand,586,308,753,550
2_pic00573.jpg,800,600,4-hand,48,256,214,545
996_pic00032.jpg,800,600,5-hand,118,124,353,467
996_pic00032.jpg,800,600,0-hand,572,228,713,435
3_1528505750.77_pic00036.jpg,800,600,3-hand,49,16,400,591
16_pic00033.jpg,800,600,5-hand,25,155,259,506
16_pic00033.jpg,800,600,0-hand,609,297,753,493
5_pic00051.jpg,800,600,0-hand,35,68,206,299
996_pic00020.jpg,800,600,0-hand,171,270,300,470
996_pic00020.jpg,800,600,0-hand,594,112,736,314
2_pic00479.jpg,800,600,0-hand,409,38,535,203
pic00069.jpg,800,600,5-hand,72,310,279,581
46_pic00021.jpg,800,600,0-hand,162,265,262,417
46_pic00021.jpg,800,600,0-hand,547,305,642,463
1528664299.56_pic00169.jpg,800,600,2-hand,337,62,455,385
3_pic00034.jpg,800,600,2-hand,88,193,239,580
3_1528499009.07_pic00055.jpg,800,600,1-hand,308,329,442,600
1528664299.56_pic00050.jpg,800,600,3-hand,525,45,767,496
35_pic00027.jpg,800,600,0-hand,515,338,613,484
2_pic00416.jpg,800,600,1-hand,382,111,516,398
26_pic00015.jpg,800,600,0-hand,545,93,737,320
26_pic00015.jpg,800,600,0-hand,74,198,248,444
2_pic00262.jpg,800,600,3-hand,503,74,736,400
55_pic00019.jpg,800,600,4-hand,584,82,765,450
3_1528505750.77_pic00080.jpg,800,600,0-hand,221,123,350,322
15_pic00005.jpg,800,600,0-hand,54,141,218,377
3_1528499009.07_pic00001.jpg,800,600,4-hand,126,168,289,514
1528664299.56_pic00043.jpg,800,600,4-hand,414,98,579,490
996_pic00005.jpg,800,600,0-hand,135,109,255,269
996_pic00005.jpg,800,600,0-hand,542,335,673,512
996_pic00073.jpg,800,600,2-hand,112,217,245,599
2_pic00062.jpg,800,600,5-hand,253,122,504,461
5_pic00084.jpg,800,600,3-hand,163,85,338,394
2_pic00490.jpg,800,600,0-hand,339,40,523,329
5_pic00055.jpg,800,600,0-hand,243,111,420,330
5_pic00066.jpg,800,600,1-hand,272,128,397,427
2_pic00501.jpg,800,600,0-hand,527,76,730,375
pic00057.jpg,800,600,5-hand,174,51,416,333
2_pic00023.jpg,800,600,5-hand,304,67,520,406
2_pic00415.jpg,800,600,1-hand,356,138,502,392
1528664299.56_pic00058.jpg,800,600,3-hand,343,197,555,588
1528664299.56_pic00087.jpg,800,600,0-hand,457,298,577,505
5_pic00083.jpg,800,600,2-hand,133,212,273,490
1528664299.56_pic00059.jpg,800,600,3-hand,439,184,660,553
1528664299.56_pic00038.jpg,800,600,4-hand,353,92,533,529
1528664299.56_pic00062.jpg,800,600,3-hand,303,153,456,530
2_pic00348.jpg,800,600,2-hand,259,90,403,445
996_pic00090.jpg,800,600,0-hand,60,244,216,474
2_pic00118.jpg,800,600,5-hand,429,163,651,521
3_pic00040.jpg,800,600,0-hand,474,264,582,437
1528664299.56_pic00076.jpg,800,600,2-hand,221,132,402,569
pic00050.jpg,800,600,5-hand,324,155,521,453
1528664299.56_pic00033.jpg,800,600,4-hand,269,140,436,510
2_pic00084.jpg,800,600,5-hand,125,200,367,490
1528664299.56_pic00170.jpg,800,600,2-hand,325,17,442,304
15_pic00009.jpg,800,600,4-hand,43,92,236,544
2_pic00093.jpg,800,600,5-hand,431,79,769,505
3_pic00016.jpg,800,600,4-hand,377,24,591,443
2_pic00160.jpg,800,600,5-hand,213,147,430,384
15_pic00018.jpg,800,600,2-hand,198,139,369,518
996_pic00074.jpg,800,600,2-hand,116,210,249,600
55_pic00064.jpg,800,600,1-hand,639,249,772,581
2_pic00148.jpg,800,600,5-hand,339,198,567,493
3_1528505750.77_pic00005.jpg,800,600,5-hand,100,115,389,445
2_pic00315.jpg,800,600,2-hand,448,135,582,474
26_pic00022.jpg,800,600,0-hand,37,74,209,310
26_pic00022.jpg,800,600,0-hand,520,218,692,440
2_pic00094.jpg,800,600,5-hand,419,67,760,490
